{"candidate_two_scores": {"Emotional range": 0.4970479582260236, "Openness": 0.8003957618452753, "Extraversion": 0.5233151593653144, "Conscientiousness": 0.6270157752629488, "Agreeableness": 0.7216353783081719}, "differences": [], "similarity_text": "Both candidates have similar personalities, however Mark Zuckerberg is more perfectionistic, analytical than Kevin Systrom. Also, he/she is less tactful, idealistic.", "similarity score": 0.9588404159747212, "candidate_one_scores": {"Emotional range": 0.49758705115546586, "Openness": 0.7952364136410419, "Extraversion": 0.512499588728126, "Conscientiousness": 0.6602665115306775, "Agreeableness": 0.6972800956175585}, "similarities": ["Conscientiousness", "Agreeableness"]}